round,phase,exposure,games,rho,mu,beta,landings,crushes,bomb_deaths,lam0,n_land0,lam1,n_land1,lam2,n_land2,lam3,n_land3,borrowed,frame_side_ticks
1,heli,28290,41,0.187875574407918,0.00022803992329212727,0.0,51,2,0,0.0008381965210233454,36,0.0008381965210233454,14,0.0008381965210233454,1,0.0008381965210233454,0,,50107.58091518041
1,plane,14350,41,0.26,0.0,0.0,0,0,0,0.0,0,0.0,0,0.0,0,0.0,0,,26966.952226165507
2,heli,62864,41,0.20584118096207688,0.0002084029252928778,0.0,152,20,0,0.0011041799460394506,39,0.0011041799460394506,57,0.0011041799460394506,35,0.0011041799460394506,21,,107772.28877126185
2,plane,27200,41,0.25378676470588235,0.0,0.0,0,0,0,0.0,0,0.0,0,0.0,0,0.0,0,,46488.01101612806
3,heli,44653,32,0.21104964951962915,0.00032854328881786637,0.0,95,29,0,0.0009690437716762665,6,0.0009690437716762665,15,0.0009690437716762665,31,0.0009690437716762665,43,,66044.48825804003
3,plane,13937,32,0.2597402597402597,0.0,7.175145296692258e-05,0,0,1,0.0,0,0.0,0,0.0,0,0.0,0,,24110.38635396005
4,heli,20092,16,0.23770654987059525,0.00023753112839232956,0.0,48,10,0,0.0014464876644970123,3,0.0014464876644970123,8,0.0014464876644970123,10,0.0014464876644970123,27,,28344.52101204537
4,plane,3064,16,0.2597402597402597,0.0,0.0016318537859007832,0,0,5,0.0,0,0.0,0,0.0,0,0.0,0,3.0,5671.429570862298
5,heli,890,1,0.23770654987059525,0.00023753112839232956,0.0,5,0,0,0.0014464876644970123,0,0.0014464876644970123,1,0.0014464876644970123,1,0.0014464876644970123,3,4.0,1056.0437610096924
5,plane,0,1,0.2597402597402597,0.0,0.0016318537859007832,0,0,0,0.0,0,0.0,0,0.0,0,0.0,0,4.0,0.0
